{"recall": 0.5714285714285714, "precision": 0.25, "f1": 0.34782608695652173, "seed": 384538}