{"recall": 0.2857142857142857, "precision": 0.1, "f1": 0.14814814814814817}