{"recall": 0.7142857142857143, "precision": 0.3125, "f1": 0.43478260869565216, "seed": 725734}